--
-- PostgreSQL database dump
--

\restrict f5FfiyjYZ5ImWtswnIR9IqRsQHVlULsp6xBSLRqKDVsJeZ8ILDc6NfxjingLCPb

-- Dumped from database version 17.6
-- Dumped by pg_dump version 17.6

SET statement_timeout = 0;
SET lock_timeout = 0;
SET idle_in_transaction_session_timeout = 0;
-- SET transaction_timeout = 0;
SET client_encoding = 'UTF8';
SET standard_conforming_strings = on;
SELECT pg_catalog.set_config('search_path', '', false);
SET check_function_bodies = false;
SET xmloption = content;
SET client_min_messages = warning;
SET row_security = off;

SET default_tablespace = '';

SET default_table_access_method = heap;

--
-- Name: Usuario_filepreview; Type: TABLE; Schema: public; Owner: sgd_user_google
--

CREATE TABLE public."Usuario_filepreview" (
    id bigint NOT NULL,
    blob_name character varying(255) NOT NULL,
    expires_at timestamp with time zone,
    signed_url text
);


ALTER TABLE public."Usuario_filepreview" OWNER TO sgd_user_google;

--
-- Name: Usuario_filepreview_id_seq; Type: SEQUENCE; Schema: public; Owner: sgd_user_google
--

ALTER TABLE public."Usuario_filepreview" ALTER COLUMN id ADD GENERATED BY DEFAULT AS IDENTITY (
    SEQUENCE NAME public."Usuario_filepreview_id_seq"
    START WITH 1
    INCREMENT BY 1
    NO MINVALUE
    NO MAXVALUE
    CACHE 1
);


--
-- Name: auth_group; Type: TABLE; Schema: public; Owner: sgd_user_google
--

CREATE TABLE public.auth_group (
    id integer NOT NULL,
    name character varying(150) NOT NULL
);


ALTER TABLE public.auth_group OWNER TO sgd_user_google;

--
-- Name: auth_group_id_seq; Type: SEQUENCE; Schema: public; Owner: sgd_user_google
--

ALTER TABLE public.auth_group ALTER COLUMN id ADD GENERATED BY DEFAULT AS IDENTITY (
    SEQUENCE NAME public.auth_group_id_seq
    START WITH 1
    INCREMENT BY 1
    NO MINVALUE
    NO MAXVALUE
    CACHE 1
);


--
-- Name: auth_group_permissions; Type: TABLE; Schema: public; Owner: sgd_user_google
--

CREATE TABLE public.auth_group_permissions (
    id integer NOT NULL,
    group_id integer NOT NULL,
    permission_id integer NOT NULL
);


ALTER TABLE public.auth_group_permissions OWNER TO sgd_user_google;

--
-- Name: auth_group_permissions_id_seq; Type: SEQUENCE; Schema: public; Owner: sgd_user_google
--

ALTER TABLE public.auth_group_permissions ALTER COLUMN id ADD GENERATED BY DEFAULT AS IDENTITY (
    SEQUENCE NAME public.auth_group_permissions_id_seq
    START WITH 1
    INCREMENT BY 1
    NO MINVALUE
    NO MAXVALUE
    CACHE 1
);


--
-- Name: auth_permission; Type: TABLE; Schema: public; Owner: sgd_user_google
--

CREATE TABLE public.auth_permission (
    id integer NOT NULL,
    name character varying(255) NOT NULL,
    content_type_id integer NOT NULL,
    codename character varying(100) NOT NULL
);


ALTER TABLE public.auth_permission OWNER TO sgd_user_google;

--
-- Name: auth_permission_id_seq; Type: SEQUENCE; Schema: public; Owner: sgd_user_google
--

ALTER TABLE public.auth_permission ALTER COLUMN id ADD GENERATED BY DEFAULT AS IDENTITY (
    SEQUENCE NAME public.auth_permission_id_seq
    START WITH 1
    INCREMENT BY 1
    NO MINVALUE
    NO MAXVALUE
    CACHE 1
);


--
-- Name: auth_user; Type: TABLE; Schema: public; Owner: sgd_user_google
--

CREATE TABLE public.auth_user (
    id integer NOT NULL,
    password character varying(128) NOT NULL,
    last_login timestamp with time zone,
    is_superuser boolean NOT NULL,
    username character varying(150) NOT NULL,
    first_name character varying(150) NOT NULL,
    last_name character varying(150) NOT NULL,
    email character varying(254) NOT NULL,
    is_staff boolean NOT NULL,
    is_active boolean NOT NULL,
    date_joined timestamp with time zone NOT NULL
);


ALTER TABLE public.auth_user OWNER TO sgd_user_google;

--
-- Name: auth_user_groups; Type: TABLE; Schema: public; Owner: sgd_user_google
--

CREATE TABLE public.auth_user_groups (
    id integer NOT NULL,
    user_id integer NOT NULL,
    group_id integer NOT NULL
);


ALTER TABLE public.auth_user_groups OWNER TO sgd_user_google;

--
-- Name: auth_user_groups_id_seq; Type: SEQUENCE; Schema: public; Owner: sgd_user_google
--

ALTER TABLE public.auth_user_groups ALTER COLUMN id ADD GENERATED BY DEFAULT AS IDENTITY (
    SEQUENCE NAME public.auth_user_groups_id_seq
    START WITH 1
    INCREMENT BY 1
    NO MINVALUE
    NO MAXVALUE
    CACHE 1
);


--
-- Name: auth_user_id_seq; Type: SEQUENCE; Schema: public; Owner: sgd_user_google
--

ALTER TABLE public.auth_user ALTER COLUMN id ADD GENERATED BY DEFAULT AS IDENTITY (
    SEQUENCE NAME public.auth_user_id_seq
    START WITH 1
    INCREMENT BY 1
    NO MINVALUE
    NO MAXVALUE
    CACHE 1
);


--
-- Name: auth_user_user_permissions; Type: TABLE; Schema: public; Owner: sgd_user_google
--

CREATE TABLE public.auth_user_user_permissions (
    id integer NOT NULL,
    user_id integer NOT NULL,
    permission_id integer NOT NULL
);


ALTER TABLE public.auth_user_user_permissions OWNER TO sgd_user_google;

--
-- Name: auth_user_user_permissions_id_seq; Type: SEQUENCE; Schema: public; Owner: sgd_user_google
--

ALTER TABLE public.auth_user_user_permissions ALTER COLUMN id ADD GENERATED BY DEFAULT AS IDENTITY (
    SEQUENCE NAME public.auth_user_user_permissions_id_seq
    START WITH 1
    INCREMENT BY 1
    NO MINVALUE
    NO MAXVALUE
    CACHE 1
);


--
-- Name: django_admin_log; Type: TABLE; Schema: public; Owner: sgd_user_google
--

CREATE TABLE public.django_admin_log (
    id integer NOT NULL,
    action_time timestamp with time zone NOT NULL,
    object_id text,
    object_repr character varying(200) NOT NULL,
    action_flag smallint NOT NULL,
    change_message text NOT NULL,
    content_type_id integer,
    user_id integer NOT NULL,
    CONSTRAINT django_admin_log_action_flag_check CHECK ((action_flag >= 0))
);


ALTER TABLE public.django_admin_log OWNER TO sgd_user_google;

--
-- Name: django_admin_log_id_seq; Type: SEQUENCE; Schema: public; Owner: sgd_user_google
--

ALTER TABLE public.django_admin_log ALTER COLUMN id ADD GENERATED BY DEFAULT AS IDENTITY (
    SEQUENCE NAME public.django_admin_log_id_seq
    START WITH 1
    INCREMENT BY 1
    NO MINVALUE
    NO MAXVALUE
    CACHE 1
);


--
-- Name: django_content_type; Type: TABLE; Schema: public; Owner: sgd_user_google
--

CREATE TABLE public.django_content_type (
    id integer NOT NULL,
    app_label character varying(100) NOT NULL,
    model character varying(100) NOT NULL
);


ALTER TABLE public.django_content_type OWNER TO sgd_user_google;

--
-- Name: django_content_type_id_seq; Type: SEQUENCE; Schema: public; Owner: sgd_user_google
--

ALTER TABLE public.django_content_type ALTER COLUMN id ADD GENERATED BY DEFAULT AS IDENTITY (
    SEQUENCE NAME public.django_content_type_id_seq
    START WITH 1
    INCREMENT BY 1
    NO MINVALUE
    NO MAXVALUE
    CACHE 1
);


--
-- Name: django_migrations; Type: TABLE; Schema: public; Owner: sgd_user_google
--

CREATE TABLE public.django_migrations (
    id integer NOT NULL,
    app character varying(255) NOT NULL,
    name character varying(255) NOT NULL,
    applied timestamp with time zone NOT NULL
);


ALTER TABLE public.django_migrations OWNER TO sgd_user_google;

--
-- Name: django_migrations_id_seq; Type: SEQUENCE; Schema: public; Owner: sgd_user_google
--

ALTER TABLE public.django_migrations ALTER COLUMN id ADD GENERATED BY DEFAULT AS IDENTITY (
    SEQUENCE NAME public.django_migrations_id_seq
    START WITH 1
    INCREMENT BY 1
    NO MINVALUE
    NO MAXVALUE
    CACHE 1
);


--
-- Name: django_session; Type: TABLE; Schema: public; Owner: sgd_user_google
--

CREATE TABLE public.django_session (
    session_key character varying(40) NOT NULL,
    session_data text NOT NULL,
    expire_date timestamp with time zone NOT NULL
);


ALTER TABLE public.django_session OWNER TO sgd_user_google;

--
-- Name: grupos_trabajo; Type: TABLE; Schema: public; Owner: sgd_user_google
--

CREATE TABLE public.grupos_trabajo (
    id integer NOT NULL,
    proyecto_id integer NOT NULL,
    nombre character varying(150) NOT NULL,
    descripcion text
);


ALTER TABLE public.grupos_trabajo OWNER TO sgd_user_google;

--
-- Name: grupos_trabajo_id_seq; Type: SEQUENCE; Schema: public; Owner: sgd_user_google
--

CREATE SEQUENCE public.grupos_trabajo_id_seq
    AS integer
    START WITH 1
    INCREMENT BY 1
    NO MINVALUE
    NO MAXVALUE
    CACHE 1;


ALTER SEQUENCE public.grupos_trabajo_id_seq OWNER TO sgd_user_google;

--
-- Name: grupos_trabajo_id_seq; Type: SEQUENCE OWNED BY; Schema: public; Owner: sgd_user_google
--

ALTER SEQUENCE public.grupos_trabajo_id_seq OWNED BY public.grupos_trabajo.id;


--
-- Name: microsoft_auth_filepreview; Type: TABLE; Schema: public; Owner: sgd_user_google
--

CREATE TABLE public.microsoft_auth_filepreview (
    id bigint NOT NULL,
    blob_name character varying(1024) NOT NULL,
    signed_url character varying(200) NOT NULL,
    expires_at timestamp with time zone NOT NULL
);


ALTER TABLE public.microsoft_auth_filepreview OWNER TO sgd_user_google;

--
-- Name: microsoft_auth_filepreview_id_seq; Type: SEQUENCE; Schema: public; Owner: sgd_user_google
--

ALTER TABLE public.microsoft_auth_filepreview ALTER COLUMN id ADD GENERATED BY DEFAULT AS IDENTITY (
    SEQUENCE NAME public.microsoft_auth_filepreview_id_seq
    START WITH 1
    INCREMENT BY 1
    NO MINVALUE
    NO MAXVALUE
    CACHE 1
);


--
-- Name: proyectos; Type: TABLE; Schema: public; Owner: sgd_user_google
--

CREATE TABLE public.proyectos (
    id integer NOT NULL,
    nombre character varying(150) NOT NULL,
    descripcion text,
    fecha_inicio date,
    fecha_fin date
);


ALTER TABLE public.proyectos OWNER TO sgd_user_google;

--
-- Name: proyectos_id_seq; Type: SEQUENCE; Schema: public; Owner: sgd_user_google
--

CREATE SEQUENCE public.proyectos_id_seq
    AS integer
    START WITH 1
    INCREMENT BY 1
    NO MINVALUE
    NO MAXVALUE
    CACHE 1;


ALTER SEQUENCE public.proyectos_id_seq OWNER TO sgd_user_google;

--
-- Name: proyectos_id_seq; Type: SEQUENCE OWNED BY; Schema: public; Owner: sgd_user_google
--

ALTER SEQUENCE public.proyectos_id_seq OWNED BY public.proyectos.id;


--
-- Name: roles; Type: TABLE; Schema: public; Owner: sgd_user_google
--

CREATE TABLE public.roles (
    id integer NOT NULL,
    nombre character varying(100) NOT NULL,
    descripcion text
);


ALTER TABLE public.roles OWNER TO sgd_user_google;

--
-- Name: roles_id_seq; Type: SEQUENCE; Schema: public; Owner: sgd_user_google
--

CREATE SEQUENCE public.roles_id_seq
    AS integer
    START WITH 1
    INCREMENT BY 1
    NO MINVALUE
    NO MAXVALUE
    CACHE 1;


ALTER SEQUENCE public.roles_id_seq OWNER TO sgd_user_google;

--
-- Name: roles_id_seq; Type: SEQUENCE OWNED BY; Schema: public; Owner: sgd_user_google
--

ALTER SEQUENCE public.roles_id_seq OWNED BY public.roles.id;


--
-- Name: usuarios_grupos; Type: TABLE; Schema: public; Owner: sgd_user_google
--

CREATE TABLE public.usuarios_grupos (
    id integer NOT NULL,
    usuario_id integer NOT NULL,
    grupo_id integer NOT NULL,
    rol_id integer NOT NULL
);


ALTER TABLE public.usuarios_grupos OWNER TO sgd_user_google;

--
-- Name: usuarios_grupos_id_seq; Type: SEQUENCE; Schema: public; Owner: sgd_user_google
--

CREATE SEQUENCE public.usuarios_grupos_id_seq
    AS integer
    START WITH 1
    INCREMENT BY 1
    NO MINVALUE
    NO MAXVALUE
    CACHE 1;


ALTER SEQUENCE public.usuarios_grupos_id_seq OWNER TO sgd_user_google;

--
-- Name: usuarios_grupos_id_seq; Type: SEQUENCE OWNED BY; Schema: public; Owner: sgd_user_google
--

ALTER SEQUENCE public.usuarios_grupos_id_seq OWNED BY public.usuarios_grupos.id;


--
-- Name: usuarios_microsoft; Type: TABLE; Schema: public; Owner: sgd_user_google
--

CREATE TABLE public.usuarios_microsoft (
    id integer NOT NULL,
    nombre character varying(255) NOT NULL,
    email character varying(255) NOT NULL,
    microsoft_id character varying(255) NOT NULL
);


ALTER TABLE public.usuarios_microsoft OWNER TO sgd_user_google;

--
-- Name: usuarios_microsoft_id_seq; Type: SEQUENCE; Schema: public; Owner: sgd_user_google
--

CREATE SEQUENCE public.usuarios_microsoft_id_seq
    AS integer
    START WITH 1
    INCREMENT BY 1
    NO MINVALUE
    NO MAXVALUE
    CACHE 1;


ALTER SEQUENCE public.usuarios_microsoft_id_seq OWNER TO sgd_user_google;

--
-- Name: usuarios_microsoft_id_seq; Type: SEQUENCE OWNED BY; Schema: public; Owner: sgd_user_google
--

ALTER SEQUENCE public.usuarios_microsoft_id_seq OWNED BY public.usuarios_microsoft.id;


--
-- Name: grupos_trabajo id; Type: DEFAULT; Schema: public; Owner: sgd_user_google
--

ALTER TABLE ONLY public.grupos_trabajo ALTER COLUMN id SET DEFAULT nextval('public.grupos_trabajo_id_seq'::regclass);


--
-- Name: proyectos id; Type: DEFAULT; Schema: public; Owner: sgd_user_google
--

ALTER TABLE ONLY public.proyectos ALTER COLUMN id SET DEFAULT nextval('public.proyectos_id_seq'::regclass);


--
-- Name: roles id; Type: DEFAULT; Schema: public; Owner: sgd_user_google
--

ALTER TABLE ONLY public.roles ALTER COLUMN id SET DEFAULT nextval('public.roles_id_seq'::regclass);


--
-- Name: usuarios_grupos id; Type: DEFAULT; Schema: public; Owner: sgd_user_google
--

ALTER TABLE ONLY public.usuarios_grupos ALTER COLUMN id SET DEFAULT nextval('public.usuarios_grupos_id_seq'::regclass);


--
-- Name: usuarios_microsoft id; Type: DEFAULT; Schema: public; Owner: sgd_user_google
--

ALTER TABLE ONLY public.usuarios_microsoft ALTER COLUMN id SET DEFAULT nextval('public.usuarios_microsoft_id_seq'::regclass);


--
-- Data for Name: Usuario_filepreview; Type: TABLE DATA; Schema: public; Owner: sgd_user_google
--

COPY public."Usuario_filepreview" (id, blob_name, expires_at, signed_url) FROM stdin;
1	Funcionalidades Generales (7).png	2025-09-30 15:59:57.386658+00	https://storage.googleapis.com/sgdmtso_jova/Funcionalidades%20Generales%20%287%29.png?X-Goog-Algorithm=GOOG4-RSA-SHA256&X-Goog-Credential=sgd-cuentaservicio%40sistema-gd-473403.iam.gserviceaccount.com%2F20250930%2Fauto%2Fstorage%2Fgoog4_request&X-Goog-Date=20250930T145957Z&X-Goog-Expires=3600&X-Goog-SignedHeaders=host&X-Goog-Signature=ad8e0f88a23a6181012cb4ecf7bd7da2cb31fc462e1426e5cfa035cfb3781ccddc0157b69a314bf663ccb8b938bf76a70c26e74e91ffdbed25d3e993ca04f53d80d6068ffde1b8ecd014309175c0cd7d71fd2c1305124147749106db25165e43d7a3dbcd357348bd4552b67cb177dc7cc6a5c9a0e7e96159d0db47b64c0fd1f13850470907478837bc5d376cc8e8096d0c00262f8642b8fb9cee086ab95a00e504801b864fe0f48f0b41a5f0e0b42dec1bf81099554581539cca4912fc493e475d558792b37b0b8cd3bb5f7b9ab4d4928ef077ae4e403841ce3a10ca89f0d1a8749e290285af8becf74edbbf691f0bf7ab2231b3e2ab0ebe15988d62e0a294aa
2	A/Pasaje recorrido bda377c3 (1).pdf	2025-09-30 16:04:35.868713+00	https://storage.googleapis.com/sgdmtso_jova/A/Pasaje%20recorrido%20bda377c3%20%281%29.pdf?X-Goog-Algorithm=GOOG4-RSA-SHA256&X-Goog-Credential=sgd-cuentaservicio%40sistema-gd-473403.iam.gserviceaccount.com%2F20250930%2Fauto%2Fstorage%2Fgoog4_request&X-Goog-Date=20250930T150435Z&X-Goog-Expires=3600&X-Goog-SignedHeaders=host&X-Goog-Signature=8f86faee64d4908fe4919bb2b335d4b018418e5ba4cb00f7293f89db0d0530822a52dd7e1bc6a547fa4a0d020b8e476de0a98da0cb338948da810ee8c91739d74dcff55c4a634b3054f8e544e44d5c995e2faa3ea03767ef6feaf70de80f4eb9d8a46ae237769472f8667d25b9411fc23829f46694c35028f0ee68312f367390a384ddd5d98a96fef20c44ab50c468f3acb3f78135c33f29b0e6c15dea037b7937a0deecbc967f927e825a6b8606f54d961a482a1e8693383a6c073cede6276ca2ce119d229cd777502be2a39fd8c926399b8fec706f53743796e171c442162458c1a2e5959beda516e2cc9d89bbff82d5c7d3c57e4ff26826ed17b82a59f45d
\.


--
-- Data for Name: auth_group; Type: TABLE DATA; Schema: public; Owner: sgd_user_google
--

COPY public.auth_group (id, name) FROM stdin;
\.


--
-- Data for Name: auth_group_permissions; Type: TABLE DATA; Schema: public; Owner: sgd_user_google
--

COPY public.auth_group_permissions (id, group_id, permission_id) FROM stdin;
\.


--
-- Data for Name: auth_permission; Type: TABLE DATA; Schema: public; Owner: sgd_user_google
--

COPY public.auth_permission (id, name, content_type_id, codename) FROM stdin;
1	Can add log entry	1	add_logentry
2	Can change log entry	1	change_logentry
3	Can delete log entry	1	delete_logentry
4	Can view log entry	1	view_logentry
5	Can add permission	2	add_permission
6	Can change permission	2	change_permission
7	Can delete permission	2	delete_permission
8	Can view permission	2	view_permission
9	Can add group	3	add_group
10	Can change group	3	change_group
11	Can delete group	3	delete_group
12	Can view group	3	view_group
13	Can add user	4	add_user
14	Can change user	4	change_user
15	Can delete user	4	delete_user
16	Can view user	4	view_user
17	Can add content type	5	add_contenttype
18	Can change content type	5	change_contenttype
19	Can delete content type	5	delete_contenttype
20	Can view content type	5	view_contenttype
21	Can add session	6	add_session
22	Can change session	6	change_session
23	Can delete session	6	delete_session
24	Can view session	6	view_session
25	Can add file preview	7	add_filepreview
26	Can change file preview	7	change_filepreview
27	Can delete file preview	7	delete_filepreview
28	Can view file preview	7	view_filepreview
29	Can add file preview	8	add_filepreview
30	Can change file preview	8	change_filepreview
31	Can delete file preview	8	delete_filepreview
32	Can view file preview	8	view_filepreview
\.


--
-- Data for Name: auth_user; Type: TABLE DATA; Schema: public; Owner: sgd_user_google
--

COPY public.auth_user (id, password, last_login, is_superuser, username, first_name, last_name, email, is_staff, is_active, date_joined) FROM stdin;
1		2025-09-30 13:52:40.150257+00	f	2db24c07e9729827	Jonathan Alejandro Oyarce Valdebenito		jonathan.oyarce97@hotmail.com	f	t	2025-09-29 20:12:50.935806+00
2		2025-09-30 13:54:22.139184+00	f	c6d9f32f052bf9a0	Jonaaa Oyarce		cirdanrlz@hotmail.cl	f	t	2025-09-30 13:54:22.092424+00
\.


--
-- Data for Name: auth_user_groups; Type: TABLE DATA; Schema: public; Owner: sgd_user_google
--

COPY public.auth_user_groups (id, user_id, group_id) FROM stdin;
\.


--
-- Data for Name: auth_user_user_permissions; Type: TABLE DATA; Schema: public; Owner: sgd_user_google
--

COPY public.auth_user_user_permissions (id, user_id, permission_id) FROM stdin;
\.


--
-- Data for Name: django_admin_log; Type: TABLE DATA; Schema: public; Owner: sgd_user_google
--

COPY public.django_admin_log (id, action_time, object_id, object_repr, action_flag, change_message, content_type_id, user_id) FROM stdin;
\.


--
-- Data for Name: django_content_type; Type: TABLE DATA; Schema: public; Owner: sgd_user_google
--

COPY public.django_content_type (id, app_label, model) FROM stdin;
1	admin	logentry
2	auth	permission
3	auth	group
4	auth	user
5	contenttypes	contenttype
6	sessions	session
7	Usuario	filepreview
8	microsoft_auth	filepreview
\.


--
-- Data for Name: django_migrations; Type: TABLE DATA; Schema: public; Owner: sgd_user_google
--

COPY public.django_migrations (id, app, name, applied) FROM stdin;
1	Usuario	0001_initial	2025-09-28 01:23:36.565722+00
2	contenttypes	0001_initial	2025-09-28 01:23:36.594677+00
3	auth	0001_initial	2025-09-28 01:23:36.810334+00
4	admin	0001_initial	2025-09-28 01:23:36.871179+00
5	admin	0002_logentry_remove_auto_add	2025-09-28 01:23:36.881779+00
6	admin	0003_logentry_add_action_flag_choices	2025-09-28 01:23:36.90465+00
7	contenttypes	0002_remove_content_type_name	2025-09-28 01:23:36.94934+00
8	auth	0002_alter_permission_name_max_length	2025-09-28 01:23:36.978357+00
9	auth	0003_alter_user_email_max_length	2025-09-28 01:23:37.007331+00
10	auth	0004_alter_user_username_opts	2025-09-28 01:23:37.023696+00
11	auth	0005_alter_user_last_login_null	2025-09-28 01:23:37.059348+00
12	auth	0006_require_contenttypes_0002	2025-09-28 01:23:37.073919+00
13	auth	0007_alter_validators_add_error_messages	2025-09-28 01:23:37.096429+00
14	auth	0008_alter_user_username_max_length	2025-09-28 01:23:37.135859+00
15	auth	0009_alter_user_last_name_max_length	2025-09-28 01:23:37.165722+00
16	auth	0010_alter_group_name_max_length	2025-09-28 01:23:37.199679+00
17	auth	0011_update_proxy_permissions	2025-09-28 01:23:37.216824+00
18	auth	0012_alter_user_first_name_max_length	2025-09-28 01:23:37.252402+00
19	sessions	0001_initial	2025-09-28 01:23:37.298323+00
20	Usuario	0002_alter_filepreview_blob_name_usuariomicrosoft	2025-09-29 15:11:46.779966+00
21	Usuario	0003_remove_filepreview_expires_at_and_more	2025-09-29 15:11:46.863451+00
22	Usuario	0004_rename_preview_expiration_filepreview_expires_at_and_more	2025-09-29 15:13:30.073435+00
23	microsoft_auth	0001_initial	2025-09-29 20:20:55.690761+00
\.


--
-- Data for Name: django_session; Type: TABLE DATA; Schema: public; Owner: sgd_user_google
--

COPY public.django_session (session_key, session_data, expire_date) FROM stdin;
qjk7lcsuhuzdjj989gjmdjxx8tszi3aq	.eJxVjDsOwjAQBe_iGln-xYsp6XMGa3dt4wBypDipEHeHSCmgfTPzXiLitta49bzEKYmL0OL0uxHyI7cdpDu22yx5busykdwVedAuxznl5_Vw_w4q9vqtTbGkLUJ2CsKAg1LgszWGOCAERpcL2WI5kE6lcNIE5IAh-bPn4J14fwDpMTho:1v3LWP:uDExcnzqdVcQC-sv1I77cNaNSK3J7pyqBERb-2JfqHY	2025-10-13 21:35:01.744924+00
ppav7tzkp68yxahutoha0i6xbgu5anw1	.eJxVjDsOwjAQBe_iGln-xYsp6XMGa3dt4wBypDipEHeHSCmgfTPzXiLitta49bzEKYmL0OL0uxHyI7cdpDu22yx5busykdwVedAuxznl5_Vw_w4q9vqtTbGkLUJ2CsKAg1LgszWGOCAERpcL2WI5kE6lcNIE5IAh-bPn4J14fwDpMTho:1v3Lfw:DOo0onnBGXbzsORFc1I1Z7198yFKMLcBo9nhsJ9jCR4	2025-10-13 21:44:52.784818+00
q7j0mzzzqrfk3aqwcm626ncg1n22hrkp	.eJxVjDsOwjAQBe_iGln-xYsp6XMGa3dt4wBypDipEHeHSCmgfTPzXiLitta49bzEKYmL0OL0uxHyI7cdpDu22yx5busykdwVedAuxznl5_Vw_w4q9vqtTbGkLUJ2CsKAg1LgszWGOCAERpcL2WI5kE6lcNIE5IAh-bPn4J14fwDpMTho:1v3LpA:t8FUfqXQyxYyfVNAMIULOGhpdefLUNcxvsds_MtcYIE	2025-10-13 21:54:24.760414+00
gwhxzd4jofnj5tq0lot74ruw4o513ly8	.eJxVjDsOwjAQBe_iGln-xYsp6XMGa3dt4wBypDipEHeHSCmgfTPzXiLitta49bzEKYmL0OL0uxHyI7cdpDu22yx5busykdwVedAuxznl5_Vw_w4q9vqtTbGkLUJ2CsKAg1LgszWGOCAERpcL2WI5kE6lcNIE5IAh-bPn4J14fwDpMTho:1v3LrP:0cUFsBVX1mSzIo4wIWWLNT37Kq0_4BLus4BgQ06VfxU	2025-10-13 21:56:43.511635+00
w9s6kn0lx8vh4x1z0dqgboflwgmdta53	.eJxVjDsOwjAQBe_iGln-xYsp6XMGa3dt4wBypDipEHeHSCmgfTPzXiLitta49bzEKYmL0OL0uxHyI7cdpDu22yx5busykdwVedAuxznl5_Vw_w4q9vqtTbGkLUJ2CsKAg1LgszWGOCAERpcL2WI5kE6lcNIE5IAh-bPn4J14fwDpMTho:1v3amW:4r-ECskZ1xUoCqtQJaSLhgvc7m7RSB0jRBuCKwcnI_o	2025-10-14 13:52:40.158363+00
77cnzuc2b5oxrdf5f625c8vyl43qavb2	.eJxVjMsOwiAQAP-FsyG8yopH734D2V1AqoYmpT0Z_92Q9KDXmcm8RcR9q3HveY1zEhdhxOmXEfIztyHSA9t9kby0bZ1JjkQetsvbkvLrerR_g4q9jm2xpC1CdgrChJNS4LM1hjggBEaXC9liOZBOpXDSBOSAIfmz5-Cd-HwB6co4aQ:1v3aoA:vvx4q1WNFdna2VTFcEhboaoStz6IAFX4PCzykrqq3uQ	2025-10-14 13:54:22.147662+00
\.


--
-- Data for Name: grupos_trabajo; Type: TABLE DATA; Schema: public; Owner: sgd_user_google
--

COPY public.grupos_trabajo (id, proyecto_id, nombre, descripcion) FROM stdin;
1	1	Backend Team	Equipo encargado de la API y base de datos
2	1	Frontend Team	Equipo encargado de la interfaz de usuario
3	2	Redes IoT	Equipo encargado de la comunicación en TSCH
4	2	Análisis de Datos	Equipo encargado de análisis y dashboards
\.


--
-- Data for Name: microsoft_auth_filepreview; Type: TABLE DATA; Schema: public; Owner: sgd_user_google
--

COPY public.microsoft_auth_filepreview (id, blob_name, signed_url, expires_at) FROM stdin;
\.


--
-- Data for Name: proyectos; Type: TABLE DATA; Schema: public; Owner: sgd_user_google
--

COPY public.proyectos (id, nombre, descripcion, fecha_inicio, fecha_fin) FROM stdin;
1	Sistema de Gestión Documental	Proyecto para gestionar documentos en la nube	2025-10-01	2026-03-01
2	Plataforma IoT Industrial	Proyecto para desarrollar plataforma IoT con TSCH	2025-10-15	2026-06-30
\.


--
-- Data for Name: roles; Type: TABLE DATA; Schema: public; Owner: sgd_user_google
--

COPY public.roles (id, nombre, descripcion) FROM stdin;
1	Administrador	Gestiona todo el proyecto
2	Desarrollador	Encargado del desarrollo
3	Tester	Encargado de pruebas y QA
4	Líder de Proyecto	Responsable de coordinar el equipo
\.


--
-- Data for Name: usuarios_grupos; Type: TABLE DATA; Schema: public; Owner: sgd_user_google
--

COPY public.usuarios_grupos (id, usuario_id, grupo_id, rol_id) FROM stdin;
1	1	1	2
2	2	1	1
3	1	2	3
4	2	2	2
5	1	3	4
6	2	3	2
7	1	4	3
8	2	4	2
\.


--
-- Data for Name: usuarios_microsoft; Type: TABLE DATA; Schema: public; Owner: sgd_user_google
--

COPY public.usuarios_microsoft (id, nombre, email, microsoft_id) FROM stdin;
1	Jonathan Alejandro Oyarce Valdebenito	jonathan.oyarce97@hotmail.com	2db24c07e9729827
2	Jonaaa Oyarce	cirdanrlz@hotmail.cl	c6d9f32f052bf9a0
\.


--
-- Name: Usuario_filepreview_id_seq; Type: SEQUENCE SET; Schema: public; Owner: sgd_user_google
--

SELECT pg_catalog.setval('public."Usuario_filepreview_id_seq"', 2, true);


--
-- Name: auth_group_id_seq; Type: SEQUENCE SET; Schema: public; Owner: sgd_user_google
--

SELECT pg_catalog.setval('public.auth_group_id_seq', 1, false);


--
-- Name: auth_group_permissions_id_seq; Type: SEQUENCE SET; Schema: public; Owner: sgd_user_google
--

SELECT pg_catalog.setval('public.auth_group_permissions_id_seq', 1, false);


--
-- Name: auth_permission_id_seq; Type: SEQUENCE SET; Schema: public; Owner: sgd_user_google
--

SELECT pg_catalog.setval('public.auth_permission_id_seq', 32, true);


--
-- Name: auth_user_groups_id_seq; Type: SEQUENCE SET; Schema: public; Owner: sgd_user_google
--

SELECT pg_catalog.setval('public.auth_user_groups_id_seq', 1, false);


--
-- Name: auth_user_id_seq; Type: SEQUENCE SET; Schema: public; Owner: sgd_user_google
--

SELECT pg_catalog.setval('public.auth_user_id_seq', 2, true);


--
-- Name: auth_user_user_permissions_id_seq; Type: SEQUENCE SET; Schema: public; Owner: sgd_user_google
--

SELECT pg_catalog.setval('public.auth_user_user_permissions_id_seq', 1, false);


--
-- Name: django_admin_log_id_seq; Type: SEQUENCE SET; Schema: public; Owner: sgd_user_google
--

SELECT pg_catalog.setval('public.django_admin_log_id_seq', 1, false);


--
-- Name: django_content_type_id_seq; Type: SEQUENCE SET; Schema: public; Owner: sgd_user_google
--

SELECT pg_catalog.setval('public.django_content_type_id_seq', 8, true);


--
-- Name: django_migrations_id_seq; Type: SEQUENCE SET; Schema: public; Owner: sgd_user_google
--

SELECT pg_catalog.setval('public.django_migrations_id_seq', 23, true);


--
-- Name: grupos_trabajo_id_seq; Type: SEQUENCE SET; Schema: public; Owner: sgd_user_google
--

SELECT pg_catalog.setval('public.grupos_trabajo_id_seq', 4, true);


--
-- Name: microsoft_auth_filepreview_id_seq; Type: SEQUENCE SET; Schema: public; Owner: sgd_user_google
--

SELECT pg_catalog.setval('public.microsoft_auth_filepreview_id_seq', 1, false);


--
-- Name: proyectos_id_seq; Type: SEQUENCE SET; Schema: public; Owner: sgd_user_google
--

SELECT pg_catalog.setval('public.proyectos_id_seq', 2, true);


--
-- Name: roles_id_seq; Type: SEQUENCE SET; Schema: public; Owner: sgd_user_google
--

SELECT pg_catalog.setval('public.roles_id_seq', 4, true);


--
-- Name: usuarios_grupos_id_seq; Type: SEQUENCE SET; Schema: public; Owner: sgd_user_google
--

SELECT pg_catalog.setval('public.usuarios_grupos_id_seq', 8, true);


--
-- Name: usuarios_microsoft_id_seq; Type: SEQUENCE SET; Schema: public; Owner: sgd_user_google
--

SELECT pg_catalog.setval('public.usuarios_microsoft_id_seq', 3, true);


--
-- Name: Usuario_filepreview Usuario_filepreview_blob_name_9e74400c_uniq; Type: CONSTRAINT; Schema: public; Owner: sgd_user_google
--

ALTER TABLE ONLY public."Usuario_filepreview"
    ADD CONSTRAINT "Usuario_filepreview_blob_name_9e74400c_uniq" UNIQUE (blob_name);


--
-- Name: Usuario_filepreview Usuario_filepreview_pkey; Type: CONSTRAINT; Schema: public; Owner: sgd_user_google
--

ALTER TABLE ONLY public."Usuario_filepreview"
    ADD CONSTRAINT "Usuario_filepreview_pkey" PRIMARY KEY (id);


--
-- Name: auth_group auth_group_name_key; Type: CONSTRAINT; Schema: public; Owner: sgd_user_google
--

ALTER TABLE ONLY public.auth_group
    ADD CONSTRAINT auth_group_name_key UNIQUE (name);


--
-- Name: auth_group_permissions auth_group_permissions_group_id_permission_id_0cd325b0_uniq; Type: CONSTRAINT; Schema: public; Owner: sgd_user_google
--

ALTER TABLE ONLY public.auth_group_permissions
    ADD CONSTRAINT auth_group_permissions_group_id_permission_id_0cd325b0_uniq UNIQUE (group_id, permission_id);


--
-- Name: auth_group_permissions auth_group_permissions_pkey; Type: CONSTRAINT; Schema: public; Owner: sgd_user_google
--

ALTER TABLE ONLY public.auth_group_permissions
    ADD CONSTRAINT auth_group_permissions_pkey PRIMARY KEY (id);


--
-- Name: auth_group auth_group_pkey; Type: CONSTRAINT; Schema: public; Owner: sgd_user_google
--

ALTER TABLE ONLY public.auth_group
    ADD CONSTRAINT auth_group_pkey PRIMARY KEY (id);


--
-- Name: auth_permission auth_permission_content_type_id_codename_01ab375a_uniq; Type: CONSTRAINT; Schema: public; Owner: sgd_user_google
--

ALTER TABLE ONLY public.auth_permission
    ADD CONSTRAINT auth_permission_content_type_id_codename_01ab375a_uniq UNIQUE (content_type_id, codename);


--
-- Name: auth_permission auth_permission_pkey; Type: CONSTRAINT; Schema: public; Owner: sgd_user_google
--

ALTER TABLE ONLY public.auth_permission
    ADD CONSTRAINT auth_permission_pkey PRIMARY KEY (id);


--
-- Name: auth_user_groups auth_user_groups_pkey; Type: CONSTRAINT; Schema: public; Owner: sgd_user_google
--

ALTER TABLE ONLY public.auth_user_groups
    ADD CONSTRAINT auth_user_groups_pkey PRIMARY KEY (id);


--
-- Name: auth_user_groups auth_user_groups_user_id_group_id_94350c0c_uniq; Type: CONSTRAINT; Schema: public; Owner: sgd_user_google
--

ALTER TABLE ONLY public.auth_user_groups
    ADD CONSTRAINT auth_user_groups_user_id_group_id_94350c0c_uniq UNIQUE (user_id, group_id);


--
-- Name: auth_user auth_user_pkey; Type: CONSTRAINT; Schema: public; Owner: sgd_user_google
--

ALTER TABLE ONLY public.auth_user
    ADD CONSTRAINT auth_user_pkey PRIMARY KEY (id);


--
-- Name: auth_user_user_permissions auth_user_user_permissions_pkey; Type: CONSTRAINT; Schema: public; Owner: sgd_user_google
--

ALTER TABLE ONLY public.auth_user_user_permissions
    ADD CONSTRAINT auth_user_user_permissions_pkey PRIMARY KEY (id);


--
-- Name: auth_user_user_permissions auth_user_user_permissions_user_id_permission_id_14a6b632_uniq; Type: CONSTRAINT; Schema: public; Owner: sgd_user_google
--

ALTER TABLE ONLY public.auth_user_user_permissions
    ADD CONSTRAINT auth_user_user_permissions_user_id_permission_id_14a6b632_uniq UNIQUE (user_id, permission_id);


--
-- Name: auth_user auth_user_username_key; Type: CONSTRAINT; Schema: public; Owner: sgd_user_google
--

ALTER TABLE ONLY public.auth_user
    ADD CONSTRAINT auth_user_username_key UNIQUE (username);


--
-- Name: django_admin_log django_admin_log_pkey; Type: CONSTRAINT; Schema: public; Owner: sgd_user_google
--

ALTER TABLE ONLY public.django_admin_log
    ADD CONSTRAINT django_admin_log_pkey PRIMARY KEY (id);


--
-- Name: django_content_type django_content_type_app_label_model_76bd3d3b_uniq; Type: CONSTRAINT; Schema: public; Owner: sgd_user_google
--

ALTER TABLE ONLY public.django_content_type
    ADD CONSTRAINT django_content_type_app_label_model_76bd3d3b_uniq UNIQUE (app_label, model);


--
-- Name: django_content_type django_content_type_pkey; Type: CONSTRAINT; Schema: public; Owner: sgd_user_google
--

ALTER TABLE ONLY public.django_content_type
    ADD CONSTRAINT django_content_type_pkey PRIMARY KEY (id);


--
-- Name: django_migrations django_migrations_pkey; Type: CONSTRAINT; Schema: public; Owner: sgd_user_google
--

ALTER TABLE ONLY public.django_migrations
    ADD CONSTRAINT django_migrations_pkey PRIMARY KEY (id);


--
-- Name: django_session django_session_pkey; Type: CONSTRAINT; Schema: public; Owner: sgd_user_google
--

ALTER TABLE ONLY public.django_session
    ADD CONSTRAINT django_session_pkey PRIMARY KEY (session_key);


--
-- Name: grupos_trabajo grupos_trabajo_pkey; Type: CONSTRAINT; Schema: public; Owner: sgd_user_google
--

ALTER TABLE ONLY public.grupos_trabajo
    ADD CONSTRAINT grupos_trabajo_pkey PRIMARY KEY (id);


--
-- Name: microsoft_auth_filepreview microsoft_auth_filepreview_blob_name_key; Type: CONSTRAINT; Schema: public; Owner: sgd_user_google
--

ALTER TABLE ONLY public.microsoft_auth_filepreview
    ADD CONSTRAINT microsoft_auth_filepreview_blob_name_key UNIQUE (blob_name);


--
-- Name: microsoft_auth_filepreview microsoft_auth_filepreview_pkey; Type: CONSTRAINT; Schema: public; Owner: sgd_user_google
--

ALTER TABLE ONLY public.microsoft_auth_filepreview
    ADD CONSTRAINT microsoft_auth_filepreview_pkey PRIMARY KEY (id);


--
-- Name: proyectos proyectos_pkey; Type: CONSTRAINT; Schema: public; Owner: sgd_user_google
--

ALTER TABLE ONLY public.proyectos
    ADD CONSTRAINT proyectos_pkey PRIMARY KEY (id);


--
-- Name: roles roles_nombre_key; Type: CONSTRAINT; Schema: public; Owner: sgd_user_google
--

ALTER TABLE ONLY public.roles
    ADD CONSTRAINT roles_nombre_key UNIQUE (nombre);


--
-- Name: roles roles_pkey; Type: CONSTRAINT; Schema: public; Owner: sgd_user_google
--

ALTER TABLE ONLY public.roles
    ADD CONSTRAINT roles_pkey PRIMARY KEY (id);


--
-- Name: usuarios_grupos usuarios_grupos_pkey; Type: CONSTRAINT; Schema: public; Owner: sgd_user_google
--

ALTER TABLE ONLY public.usuarios_grupos
    ADD CONSTRAINT usuarios_grupos_pkey PRIMARY KEY (id);


--
-- Name: usuarios_grupos usuarios_grupos_usuario_id_grupo_id_key; Type: CONSTRAINT; Schema: public; Owner: sgd_user_google
--

ALTER TABLE ONLY public.usuarios_grupos
    ADD CONSTRAINT usuarios_grupos_usuario_id_grupo_id_key UNIQUE (usuario_id, grupo_id);


--
-- Name: usuarios_microsoft usuarios_microsoft_email_key; Type: CONSTRAINT; Schema: public; Owner: sgd_user_google
--

ALTER TABLE ONLY public.usuarios_microsoft
    ADD CONSTRAINT usuarios_microsoft_email_key UNIQUE (email);


--
-- Name: usuarios_microsoft usuarios_microsoft_microsoft_id_key; Type: CONSTRAINT; Schema: public; Owner: sgd_user_google
--

ALTER TABLE ONLY public.usuarios_microsoft
    ADD CONSTRAINT usuarios_microsoft_microsoft_id_key UNIQUE (microsoft_id);


--
-- Name: usuarios_microsoft usuarios_microsoft_pkey; Type: CONSTRAINT; Schema: public; Owner: sgd_user_google
--

ALTER TABLE ONLY public.usuarios_microsoft
    ADD CONSTRAINT usuarios_microsoft_pkey PRIMARY KEY (id);


--
-- Name: Usuario_filepreview_blob_name_9e74400c_like; Type: INDEX; Schema: public; Owner: sgd_user_google
--

CREATE INDEX "Usuario_filepreview_blob_name_9e74400c_like" ON public."Usuario_filepreview" USING btree (blob_name varchar_pattern_ops);


--
-- Name: auth_group_name_a6ea08ec_like; Type: INDEX; Schema: public; Owner: sgd_user_google
--

CREATE INDEX auth_group_name_a6ea08ec_like ON public.auth_group USING btree (name varchar_pattern_ops);


--
-- Name: auth_group_permissions_group_id_b120cbf9; Type: INDEX; Schema: public; Owner: sgd_user_google
--

CREATE INDEX auth_group_permissions_group_id_b120cbf9 ON public.auth_group_permissions USING btree (group_id);


--
-- Name: auth_group_permissions_permission_id_84c5c92e; Type: INDEX; Schema: public; Owner: sgd_user_google
--

CREATE INDEX auth_group_permissions_permission_id_84c5c92e ON public.auth_group_permissions USING btree (permission_id);


--
-- Name: auth_permission_content_type_id_2f476e4b; Type: INDEX; Schema: public; Owner: sgd_user_google
--

CREATE INDEX auth_permission_content_type_id_2f476e4b ON public.auth_permission USING btree (content_type_id);


--
-- Name: auth_user_groups_group_id_97559544; Type: INDEX; Schema: public; Owner: sgd_user_google
--

CREATE INDEX auth_user_groups_group_id_97559544 ON public.auth_user_groups USING btree (group_id);


--
-- Name: auth_user_groups_user_id_6a12ed8b; Type: INDEX; Schema: public; Owner: sgd_user_google
--

CREATE INDEX auth_user_groups_user_id_6a12ed8b ON public.auth_user_groups USING btree (user_id);


--
-- Name: auth_user_user_permissions_permission_id_1fbb5f2c; Type: INDEX; Schema: public; Owner: sgd_user_google
--

CREATE INDEX auth_user_user_permissions_permission_id_1fbb5f2c ON public.auth_user_user_permissions USING btree (permission_id);


--
-- Name: auth_user_user_permissions_user_id_a95ead1b; Type: INDEX; Schema: public; Owner: sgd_user_google
--

CREATE INDEX auth_user_user_permissions_user_id_a95ead1b ON public.auth_user_user_permissions USING btree (user_id);


--
-- Name: auth_user_username_6821ab7c_like; Type: INDEX; Schema: public; Owner: sgd_user_google
--

CREATE INDEX auth_user_username_6821ab7c_like ON public.auth_user USING btree (username varchar_pattern_ops);


--
-- Name: django_admin_log_content_type_id_c4bce8eb; Type: INDEX; Schema: public; Owner: sgd_user_google
--

CREATE INDEX django_admin_log_content_type_id_c4bce8eb ON public.django_admin_log USING btree (content_type_id);


--
-- Name: django_admin_log_user_id_c564eba6; Type: INDEX; Schema: public; Owner: sgd_user_google
--

CREATE INDEX django_admin_log_user_id_c564eba6 ON public.django_admin_log USING btree (user_id);


--
-- Name: django_session_expire_date_a5c62663; Type: INDEX; Schema: public; Owner: sgd_user_google
--

CREATE INDEX django_session_expire_date_a5c62663 ON public.django_session USING btree (expire_date);


--
-- Name: django_session_session_key_c0390e0f_like; Type: INDEX; Schema: public; Owner: sgd_user_google
--

CREATE INDEX django_session_session_key_c0390e0f_like ON public.django_session USING btree (session_key varchar_pattern_ops);


--
-- Name: microsoft_auth_filepreview_blob_name_f54b9469_like; Type: INDEX; Schema: public; Owner: sgd_user_google
--

CREATE INDEX microsoft_auth_filepreview_blob_name_f54b9469_like ON public.microsoft_auth_filepreview USING btree (blob_name varchar_pattern_ops);


--
-- Name: auth_group_permissions auth_group_permissio_permission_id_84c5c92e_fk_auth_perm; Type: FK CONSTRAINT; Schema: public; Owner: sgd_user_google
--

ALTER TABLE ONLY public.auth_group_permissions
    ADD CONSTRAINT auth_group_permissio_permission_id_84c5c92e_fk_auth_perm FOREIGN KEY (permission_id) REFERENCES public.auth_permission(id) DEFERRABLE INITIALLY DEFERRED;


--
-- Name: auth_group_permissions auth_group_permissions_group_id_b120cbf9_fk_auth_group_id; Type: FK CONSTRAINT; Schema: public; Owner: sgd_user_google
--

ALTER TABLE ONLY public.auth_group_permissions
    ADD CONSTRAINT auth_group_permissions_group_id_b120cbf9_fk_auth_group_id FOREIGN KEY (group_id) REFERENCES public.auth_group(id) DEFERRABLE INITIALLY DEFERRED;


--
-- Name: auth_permission auth_permission_content_type_id_2f476e4b_fk_django_co; Type: FK CONSTRAINT; Schema: public; Owner: sgd_user_google
--

ALTER TABLE ONLY public.auth_permission
    ADD CONSTRAINT auth_permission_content_type_id_2f476e4b_fk_django_co FOREIGN KEY (content_type_id) REFERENCES public.django_content_type(id) DEFERRABLE INITIALLY DEFERRED;


--
-- Name: auth_user_groups auth_user_groups_group_id_97559544_fk_auth_group_id; Type: FK CONSTRAINT; Schema: public; Owner: sgd_user_google
--

ALTER TABLE ONLY public.auth_user_groups
    ADD CONSTRAINT auth_user_groups_group_id_97559544_fk_auth_group_id FOREIGN KEY (group_id) REFERENCES public.auth_group(id) DEFERRABLE INITIALLY DEFERRED;


--
-- Name: auth_user_groups auth_user_groups_user_id_6a12ed8b_fk_auth_user_id; Type: FK CONSTRAINT; Schema: public; Owner: sgd_user_google
--

ALTER TABLE ONLY public.auth_user_groups
    ADD CONSTRAINT auth_user_groups_user_id_6a12ed8b_fk_auth_user_id FOREIGN KEY (user_id) REFERENCES public.auth_user(id) DEFERRABLE INITIALLY DEFERRED;


--
-- Name: auth_user_user_permissions auth_user_user_permi_permission_id_1fbb5f2c_fk_auth_perm; Type: FK CONSTRAINT; Schema: public; Owner: sgd_user_google
--

ALTER TABLE ONLY public.auth_user_user_permissions
    ADD CONSTRAINT auth_user_user_permi_permission_id_1fbb5f2c_fk_auth_perm FOREIGN KEY (permission_id) REFERENCES public.auth_permission(id) DEFERRABLE INITIALLY DEFERRED;


--
-- Name: auth_user_user_permissions auth_user_user_permissions_user_id_a95ead1b_fk_auth_user_id; Type: FK CONSTRAINT; Schema: public; Owner: sgd_user_google
--

ALTER TABLE ONLY public.auth_user_user_permissions
    ADD CONSTRAINT auth_user_user_permissions_user_id_a95ead1b_fk_auth_user_id FOREIGN KEY (user_id) REFERENCES public.auth_user(id) DEFERRABLE INITIALLY DEFERRED;


--
-- Name: django_admin_log django_admin_log_content_type_id_c4bce8eb_fk_django_co; Type: FK CONSTRAINT; Schema: public; Owner: sgd_user_google
--

ALTER TABLE ONLY public.django_admin_log
    ADD CONSTRAINT django_admin_log_content_type_id_c4bce8eb_fk_django_co FOREIGN KEY (content_type_id) REFERENCES public.django_content_type(id) DEFERRABLE INITIALLY DEFERRED;


--
-- Name: django_admin_log django_admin_log_user_id_c564eba6_fk_auth_user_id; Type: FK CONSTRAINT; Schema: public; Owner: sgd_user_google
--

ALTER TABLE ONLY public.django_admin_log
    ADD CONSTRAINT django_admin_log_user_id_c564eba6_fk_auth_user_id FOREIGN KEY (user_id) REFERENCES public.auth_user(id) DEFERRABLE INITIALLY DEFERRED;


--
-- Name: grupos_trabajo grupos_trabajo_proyecto_id_fkey; Type: FK CONSTRAINT; Schema: public; Owner: sgd_user_google
--

ALTER TABLE ONLY public.grupos_trabajo
    ADD CONSTRAINT grupos_trabajo_proyecto_id_fkey FOREIGN KEY (proyecto_id) REFERENCES public.proyectos(id) ON DELETE CASCADE;


--
-- Name: usuarios_grupos usuarios_grupos_grupo_id_fkey; Type: FK CONSTRAINT; Schema: public; Owner: sgd_user_google
--

ALTER TABLE ONLY public.usuarios_grupos
    ADD CONSTRAINT usuarios_grupos_grupo_id_fkey FOREIGN KEY (grupo_id) REFERENCES public.grupos_trabajo(id) ON DELETE CASCADE;


--
-- Name: usuarios_grupos usuarios_grupos_rol_id_fkey; Type: FK CONSTRAINT; Schema: public; Owner: sgd_user_google
--

ALTER TABLE ONLY public.usuarios_grupos
    ADD CONSTRAINT usuarios_grupos_rol_id_fkey FOREIGN KEY (rol_id) REFERENCES public.roles(id) ON DELETE RESTRICT;


--
-- Name: usuarios_grupos usuarios_grupos_usuario_id_fkey; Type: FK CONSTRAINT; Schema: public; Owner: sgd_user_google
--

ALTER TABLE ONLY public.usuarios_grupos
    ADD CONSTRAINT usuarios_grupos_usuario_id_fkey FOREIGN KEY (usuario_id) REFERENCES public.usuarios_microsoft(id) ON DELETE CASCADE;


--
-- Name: SCHEMA public; Type: ACL; Schema: -; Owner: pg_database_owner
--

GRANT ALL ON SCHEMA public TO cloudsqlsuperuser;
GRANT USAGE ON SCHEMA public TO sgd_user_google;


--
-- Name: DEFAULT PRIVILEGES FOR TABLES; Type: DEFAULT ACL; Schema: public; Owner: sgd_user_google
--

ALTER DEFAULT PRIVILEGES FOR ROLE sgd_user_google IN SCHEMA public GRANT SELECT ON TABLES TO sgd_user_google;


--
-- PostgreSQL database dump complete
--

\unrestrict f5FfiyjYZ5ImWtswnIR9IqRsQHVlULsp6xBSLRqKDVsJeZ8ILDc6NfxjingLCPb

